DATOS HORARIOS 2020_FACULTAD DE MEDICINA,,,,,,,,,,,,,
NOTA: LOS DATOS SON PREVALIDADOS,,,,,,,,,,,,,
,,,,,,,,,,,,,
MES,DIA,HORA,O3 [ppm],SO2 [ppm],CO [ppm],NO2 [ppm],PM10 [µg/m³],PM2.5 [µg/m³],TEMP,WS,WD,HR,PBAR
DIC,1,0,0.0147,0.0088,0.390,0.0263,49,14,13.5,1.5,223,63,617.8
DIC,1,1,0.0138,0.0087,0.350,0.0259,35,NA,12.5,1.3,220,66,617.9
DIC,1,2,0.0137,0.0087,0.330,0.0253,29,12,11.9,1.2,221,67,617.9
DIC,1,3,0.0134,0.0086,0.320,0.025,29,11,11.3,1.3,222,69,617.9
DIC,1,4,0.015,0.0086,0.310,0.0228,25,9,10.9,0.9,222,70,617.8
DIC,1,5,0.0141,0.009,0.330,0.0228,24,6,10.9,0.4,191,70,617.5
DIC,1,6,0.0107,0.0094,0.370,0.0271,27,11,10.8,1.2,204,70,617.4
DIC,1,7,0.0115,0.009,0.420,0.0295,29,15,10.3,0.9,189,73,617.7
DIC,1,8,0.0091,0.0088,0.590,0.0347,27,6,10.2,0.5,173,73,618
DIC,1,9,0.0071,0.009,0.740,0.0379,33,7,11.4,0.5,188,69,618.3
DIC,1,10,0.0077,0.0094,0.870,0.0399,47,18,12.5,0.9,188,64,618.5
DIC,1,11,0.0115,0.0093,0.920,0.0434,70,15,14.8,0.8,148,57,618.2
DIC,1,12,0.0242,0.009,0.680,0.0381,82,20,17.5,0.8,170,54,617.6
DIC,1,13,0.0317,0.0089,0.510,0.0322,73,22,19.9,1.2,221,52,616.7
DIC,1,14,0.0318,0.0092,0.390,0.0263,62,16,21.7,1.8,234,46,615.7
DIC,1,15,0.0321,0.0096,0.370,0.0247,58,16,22.6,1.8,233,42,614.9
DIC,1,16,0.0308,0.0096,0.380,0.0243,46,15,23.4,1.7,224,36,614.3
DIC,1,17,0.0254,0.0096,0.380,0.0232,45,12,23.9,3.1,258,28,614.1
DIC,1,18,0.0263,0.0089,0.430,0.0232,75,18,23.2,3,277,27,614.3
DIC,1,19,0.0251,0.0089,0.740,0.0346,67,18,21.9,1.8,290,32,614.7
DIC,1,20,0.0232,0.009,0.780,0.042,82,18,21.1,1.7,286,34,615.1
DIC,1,21,0.0186,0.0089,0.650,0.0413,76,20,20.3,1.8,258,42,615.6
DIC,1,22,0.0098,0.0091,0.620,0.0458,60,18,19,1.3,217,49,615.9
DIC,1,23,0.018,0.009,0.390,0.031,64,20,18.7,1.7,242,57,616.2
DIC,2,0,0.0211,0.0087,0.320,0.0297,41,17,18.3,2.1,256,55,616.4
DIC,2,1,0.0192,0.0088,0.300,0.0289,40,18,17.2,1.1,252,56,616.4
DIC,2,2,0.017,0.0088,0.290,0.0272,26,16,16.2,1.3,305,58,616.4
DIC,2,3,0.016,0.0087,0.280,0.0248,27,10,15.5,0.8,218,61,616.4
DIC,2,4,0.0145,0.0085,0.280,0.024,24,13,14.5,0.4,62,65,616.3
DIC,2,5,0.0127,0.0107,0.280,0.026,23,8,13.9,0.6,138,68,616.3
DIC,2,6,0.0114,0.0103,0.320,0.0248,26,13,13.2,0.5,197,73,616.5
DIC,2,7,0.0091,0.0093,0.370,0.0257,20,9,12.3,0.9,258,77,616.7
DIC,2,8,0.0053,0.009,0.610,0.0323,23,13,12.6,0.8,248,76,617.1
DIC,2,9,0.0093,0.009,0.660,0.0308,34,4,15,1.1,266,69,617.5
DIC,2,10,0.0195,0.0088,0.520,0.0278,50,13,17.5,0.8,211,62,617.7
DIC,2,11,0.0276,0.0089,0.500,0.0294,60,16,18.9,1.3,227,51,617.7
DIC,2,12,0.0331,0.0094,0.370,0.0247,38,19,20.3,1.7,199,43,617.2
DIC,2,13,0.0357,0.0095,0.350,0.0215,34,16,21.7,1.6,210,37,616.7
DIC,2,14,0.0379,0.009,0.320,0.0192,28,16,22.2,1.7,197,35,615.8
DIC,2,15,0.0381,0.0091,0.310,0.019,113,20,22.4,1.1,225,32,615.1
DIC,2,16,0.0366,0.0088,0.320,0.0175,29,NA,23.6,1.4,210,25,614.7
DIC,2,17,0.0353,0.0092,0.350,0.0176,33,16,24.1,1.9,254,22,614.6
DIC,2,18,0.0326,0.0088,0.440,0.0206,34,13,23.3,1.7,232,23,614.7
DIC,2,19,0.0184,0.0134,0.900,0.0444,32,32,21.5,0.8,255,26,615
DIC,2,20,0.0054,0.0094,1.380,0.0584,50,27,20.3,0.8,296,28,615.5
DIC,2,21,0.0087,0.0089,1.110,0.0573,123,34,18.9,0.7,213,30,615.9
DIC,2,22,0.0122,0.009,0.810,0.0497,89,22,17.2,0.7,126,35,616.3
DIC,2,23,0.018,0.009,0.650,0.0423,57,18,15.9,0.4,76,39,616.5
DIC,3,0,0.013,0.012,0.710,0.0455,49,17,15.3,0.6,126,42,616.7
DIC,3,1,0.0211,0.0089,0.450,0.0336,46,29,14.3,0.9,200,45,616.6
DIC,3,2,0.0277,0.0085,0.310,0.0226,39,18,13.8,0.8,217,46,616.4
DIC,3,3,0.0257,0.0084,0.290,0.0207,29,8,13.4,0.9,242,52,616.2
DIC,3,4,0.0218,0.0086,0.290,0.0199,31,15,12.9,0.7,135,62,616
DIC,3,5,0.0191,0.0085,0.290,0.0204,18,10,12.8,0.7,156,68,616
DIC,3,6,0.0172,0.0085,0.310,0.0217,22,13,13.1,0.8,222,69,616.1
DIC,3,7,0.0138,0.0085,0.420,0.0255,22,14,13.3,0.6,192,71,616.3
DIC,3,8,0.0067,0.0086,0.700,0.0364,23,15,13.2,0.4,206,73,616.6
DIC,3,9,0.0038,0.01,1.800,0.0501,49,20,14.4,0.7,245,65,617.1
DIC,3,10,0.006,0.0105,1.370,0.0565,98,43,16.8,0.9,173,55,617.5
DIC,3,11,0.0185,0.0091,0.520,0.0339,108,27,18.7,1.2,188,56,617.4
DIC,3,12,NA,NA,NA,NA,NA,NA,NA,NA,NA,NA,NA
DIC,3,13,NA,NA,NA,NA,NA,NA,NA,NA,NA,NA,NA
DIC,3,14,NA,NA,NA,NA,NA,NA,NA,NA,NA,NA,NA
DIC,3,15,NA,NA,NA,NA,NA,NA,NA,NA,NA,NA,NA
DIC,3,16,0.0072,0.0092,NA,NA,38,NA,24.1,2.8,234,32,614
DIC,3,17,0.0249,0.0096,0.570,0.045,43,NA,23.7,2.9,258,32,614.1
DIC,3,18,0.0215,0.0095,0.650,0.0331,38,NA,23.1,2.7,260,33,614.3
DIC,3,19,0.0129,0.0096,0.920,0.0383,32,NA,22.1,1.8,262,36,614.8
DIC,3,20,0.0122,0.0094,0.850,0.042,41,NA,20.8,2.3,240,43,615.4
DIC,3,21,0.014,0.009,0.740,0.0408,44,NA,19.5,1.8,219,51,616
DIC,3,22,0.0146,0.0091,0.720,0.0393,33,5,18.6,2.1,269,57,616.5
DIC,3,23,0.0171,0.0089,0.650,0.0326,34,21,16.4,2.4,268,74,616.9
DIC,4,0,0.0127,0.0083,0.720,0.0352,33,NA,15.8,0.8,101,82,616.9
DIC,4,1,0.0092,0.0083,0.740,0.0383,16,3,15.5,0.9,253,84,616.6
DIC,4,2,0.0097,0.0082,0.660,0.0339,10,8,15.2,1,216,83,616.3
DIC,4,3,0.0076,0.0083,0.650,0.0323,12,9,14.6,0.5,165,88,616
DIC,4,4,0.0091,0.0082,0.660,0.0312,11,12,14.9,0.5,265,86,616.1
DIC,4,5,0.0067,0.0082,0.700,0.0333,14,10,14.9,0.4,148,87,616.1
DIC,4,6,0.0055,0.0082,0.730,0.0357,20,13,14.8,0.4,112,88,616.2
DIC,4,7,0.0049,0.0086,0.780,0.0356,21,13,14.8,0.6,108,88,616.2
DIC,4,8,0.0029,0.0088,0.990,0.0411,24,16,15.1,0.1,49,88,616.5
DIC,4,9,0.0026,0.0097,1.380,0.0473,44,30,15.8,0.3,173,84,616.9
DIC,4,10,0.0055,0.0097,1.160,0.0518,64,25,16.7,1,185,76,617.4
DIC,4,11,0.0115,0.0087,0.550,0.0425,69,15,17.3,1.2,195,73,617.5
DIC,4,12,0.0181,0.0085,0.440,0.0361,35,9,18.9,1.3,215,66,617.2
DIC,4,13,0.0226,0.0084,0.400,0.0347,32,9,20.6,1.4,214,58,616.6
DIC,4,14,0.0202,0.0085,0.380,0.0315,33,7,22,3.1,212,49,615.7
DIC,4,15,0.019,0.0086,0.420,0.0296,32,5,21.6,3.5,209,50,615.3
DIC,4,16,0.0177,0.0084,0.440,0.0294,27,11,21.3,3,223,52,615.3
DIC,4,17,0.0154,0.0085,0.590,0.0289,29,12,20.7,2.5,231,52,615.3
DIC,4,18,0.0126,0.0085,0.510,0.0301,31,8,20.5,2.2,222,53,615.5
DIC,4,19,0.0074,0.0086,0.670,0.0345,28,8,19.8,1.5,206,57,615.7
DIC,4,20,0.006,0.0085,0.690,0.0356,40,13,19.5,1.3,226,58,616.2
DIC,4,21,0.0072,0.0085,0.550,0.0333,40,9,17.8,2.3,252,67,616.7
DIC,4,22,0.0099,0.0085,0.460,0.0301,25,8,17.2,1.2,220,70,617.2
DIC,4,23,0.0064,0.0084,0.570,0.0338,13,8,16.9,0.7,204,73,617.4
DIC,5,0,0.0028,0.0089,0.810,0.0399,22,9,17,0.3,264,73,617.5
DIC,5,1,0.0024,0.0094,0.880,0.0389,31,NA,17,0.2,40,73,617.3
DIC,5,2,0.0033,0.0094,0.590,0.0359,41,15,17,0.6,284,74,617.4
DIC,5,3,0.0039,0.0091,0.530,0.0347,20,10,17,0.1,167,72,617.2
DIC,5,4,0.0029,0.0092,0.490,0.0339,20,12,16.2,0.5,238,78,617
DIC,5,5,0.0045,0.009,0.420,0.0333,18,5,16,0.3,157,78,617.1
DIC,5,6,0.012,0.0088,0.310,0.0276,13,7,16.1,0.7,267,77,617.2
DIC,5,7,0.0094,0.0088,0.410,0.0307,13,5,15.9,0.2,214,77,617.4
DIC,5,8,0.0066,0.0087,0.560,0.0386,17,11,16.2,0.6,220,75,617.8
DIC,5,9,0.0062,0.009,0.750,0.0399,23,9,17.5,0.5,158,70,618.1
DIC,5,10,0.0133,0.0089,0.460,0.0346,36,13,18.2,1.5,217,64,618.4
DIC,5,11,0.0169,0.009,0.360,0.0295,28,8,19.3,2.2,213,59,618.3
DIC,5,12,0.0209,0.009,0.320,0.0263,24,9,20.8,2.4,210,50,617.8
DIC,5,13,0.0216,0.009,0.310,0.0249,23,NA,22.1,2.4,210,44,617
DIC,5,14,0.0207,0.0091,0.330,0.0238,18,7,23,2.7,237,36,616.2
DIC,5,15,0.0222,0.0089,0.360,0.0214,23,7,23.4,2.4,250,33,615.6
DIC,5,16,0.0235,0.0088,0.350,0.0203,21,5,23.3,2.2,246,34,615.3
DIC,5,17,0.0223,0.0088,0.380,0.0218,22,10,22.9,2.4,276,36,615.2
DIC,5,18,0.0202,0.0085,0.490,0.0252,21,8,22.3,2.1,285,38,615.5
DIC,5,19,0.02,0.0085,0.500,0.0284,29,11,21.4,2.2,297,41,615.9
DIC,5,20,0.0168,0.0085,0.630,0.035,34,12,20.1,1.4,269,46,616.3
DIC,5,21,0.0107,0.0085,0.630,0.0397,25,10,18.8,1.7,200,53,616.9
DIC,5,22,0.0194,0.0084,0.380,0.0272,41,6,17.1,2.2,200,62,617.3
DIC,5,23,0.0166,0.0083,0.410,0.03,12,9,17.2,1.4,270,60,617.3
DIC,6,0,0.0144,0.0082,0.430,0.0301,12,4,16.6,0.7,175,63,617.2
DIC,6,1,0.0103,0.008,0.440,0.0313,9,4,16,0.8,192,65,617
DIC,6,2,0.0087,0.0078,0.430,0.0299,11,7,15.3,0.6,142,66,616.9
DIC,6,3,0.0088,0.008,0.420,0.0281,10,NA,15.4,0.7,161,64,616.9
DIC,6,4,0.0116,0.0079,0.320,0.022,8,6,15,0.5,85,69,616.7
DIC,6,5,0.0089,0.008,0.370,0.0229,6,6,15,0.4,96,71,616.5
DIC,6,6,0.0069,0.0081,0.430,0.0256,10,6,15.1,0.5,172,73,616.6
DIC,6,7,0.0081,0.0081,0.390,0.0236,11,14,14.7,0.9,246,76,616.9
DIC,6,8,0.0074,0.0082,0.440,0.0247,8,6,14.6,0.6,208,78,617.1
DIC,6,9,0.0084,0.0081,0.650,0.0302,15,7,16.2,0.6,223,71,617.4
DIC,6,10,0.0071,0.0086,0.740,0.0369,30,16,17.3,0.7,223,67,617.6
DIC,6,11,0.0138,0.0081,0.410,0.0272,31,10,17.6,1,220,66,617.7
DIC,6,12,0.0158,0.0083,0.350,0.0265,22,NA,18.3,1,185,64,617.3
DIC,6,13,0.0196,0.0082,0.340,0.0256,20,9,18.7,1.1,163,61,616.6
DIC,6,14,0.0216,0.0082,0.370,0.0263,24,9,18.9,0.9,196,60,616.1
DIC,6,15,0.0187,0.0084,0.380,0.0268,27,14,19,2.3,289,58,615.7
DIC,6,16,0.0174,0.0082,0.320,0.0246,27,8,19,2.8,302,54,615.6
DIC,6,17,0.0175,0.0082,0.300,0.0218,14,NA,19.1,2.4,309,51,615.7
DIC,6,18,0.016,0.0081,0.320,0.0206,10,8,18.8,1.6,286,51,616
DIC,6,19,0.013,0.008,0.390,0.0226,10,4,18.5,1,205,51,616.4
DIC,6,20,0.0114,0.0079,0.410,0.0241,15,10,18.1,1.4,264,52,616.8
DIC,6,21,0.0098,0.0079,0.490,0.0256,18,5,17.8,0.6,204,54,617.2
DIC,6,22,0.007,0.0081,0.490,0.028,15,7,17.3,0.8,277,56,617.4
DIC,6,23,0.0062,0.0079,0.470,0.0289,16,6,17.2,0.4,268,56,617.7
DIC,7,0,0.0028,0.0088,0.750,0.0352,14,14,16.8,0.7,243,62,617.9
DIC,7,1,0.0053,0.0086,0.390,0.0297,35,11,15.5,1.1,280,67,617.6
DIC,7,2,0.0099,0.0085,0.280,0.0249,23,9,15.3,0.7,252,68,617.4
DIC,7,3,0.0089,0.0085,0.320,0.0292,12,NA,15.4,0.5,225,66,617.4
DIC,7,4,0.0053,0.0089,0.340,0.0343,20,8,15,0.7,240,70,617.3
DIC,7,5,0.0074,0.0089,0.320,0.0312,21,9,14.7,0.9,187,68,617.2
DIC,7,6,0.0034,0.0094,0.330,0.0369,20,11,14.2,0.5,224,66,617.4
DIC,7,7,0.0071,0.0099,0.340,0.0334,24,11,14.3,0.5,246,62,617.8
DIC,7,8,0.0067,0.0106,0.480,0.036,24,13,14.3,0.4,183,62,618
DIC,7,9,0.0035,0.0111,0.770,0.0415,31,16,14.3,1.3,209,61,618.6
DIC,7,10,0.0084,0.011,0.580,0.0377,52,11,15.5,1.1,188,55,619
DIC,7,11,0.0127,0.0106,0.520,0.0379,36,11,16.2,1.3,231,54,619.1
DIC,7,12,0.0139,0.01,0.460,0.0395,46,15,16.6,0.8,174,50,619
DIC,7,13,0.0185,0.0095,0.410,0.0343,51,12,16.6,0.9,211,53,618.5
DIC,7,14,0.0221,0.0094,0.510,0.0343,39,7,18.1,0.9,246,47,617.7
DIC,7,15,0.0325,0.0092,0.570,0.0353,48,3,20.2,1.1,254,41,617
DIC,7,16,0.0389,0.009,0.450,0.0304,53,19,20.9,0.9,219,38,616.9
DIC,7,17,0.0333,0.0091,0.500,0.0304,38,15,20.4,1.3,230,43,616.9
DIC,7,18,0.019,0.0092,0.480,0.0314,51,20,19.2,1.9,287,47,617.1
DIC,7,19,0.0144,0.0092,0.540,0.0326,40,14,18.5,2,288,48,617.5
DIC,7,20,0.0134,0.0094,0.530,0.0322,34,7,17.8,1.1,123,48,618
DIC,7,21,0.0112,0.0095,0.570,0.0334,31,7,17.2,1.3,285,50,618.4
DIC,7,22,0.0136,0.009,0.460,0.0289,33,9,17.1,1.7,313,51,618.8
DIC,7,23,0.0162,0.0088,0.380,0.0236,19,6,16.9,1.1,300,51,618.9
DIC,8,0,0.009,0.0088,0.540,0.0328,19,10,16.7,0.7,234,52,618.9
DIC,8,1,0.0054,0.009,0.500,0.036,35,20,16.2,1.3,208,53,618.8
DIC,8,2,0.0084,0.0087,0.380,0.0308,40,13,16,0.6,214,55,618.7
DIC,8,3,0.0103,0.0086,0.320,0.0287,30,9,15.7,1.2,207,57,618.4
DIC,8,4,0.0053,0.009,0.320,0.0373,35,13,15.2,0.7,217,60,618.3
DIC,8,5,0.0079,0.009,0.360,0.0332,27,12,15,0.2,103,61,618.4
DIC,8,6,0.0052,0.0098,0.400,0.0377,30,9,14.7,0.7,275,64,618.8
DIC,8,7,0.0044,0.0098,0.470,0.0407,30,15,14.1,0.3,173,64,619
DIC,8,8,0.003,0.0099,0.730,0.0402,22,13,13.8,0.4,198,66,619.4
DIC,8,9,0.0045,0.0097,0.890,0.0417,42,5,15.7,0.4,214,60,619.9
DIC,8,10,0.007,0.0101,0.880,0.048,52,21,15.8,0.7,188,56,620.2
DIC,8,11,0.0154,0.0102,1.010,0.0525,69,12,18.6,0.8,216,48,619.9
DIC,8,12,0.0253,0.01,0.620,0.0426,66,25,19.8,1.8,213,44,619.7
DIC,8,13,0.0288,0.01,0.450,0.033,65,11,21.5,1.4,174,38,619.1
DIC,8,14,0.0351,0.01,0.400,0.0305,41,10,23.1,1.3,152,35,618.3
DIC,8,15,0.0368,0.0096,0.340,0.0269,43,11,23.7,1,184,32,617.6
DIC,8,16,0.0355,0.0091,0.410,0.0254,35,12,24.1,1.2,150,31,617.3
DIC,8,17,0.0345,0.0091,0.390,0.0236,NA,19,23.4,0.9,226,32,617.3
DIC,8,18,0.0227,0.0092,0.550,0.0296,38,12,22.5,1.8,75,34,617.6
DIC,8,19,0.0146,0.0089,0.690,0.0315,41,9,21.7,1.3,62,36,618
DIC,8,20,0.0114,0.0092,0.700,0.0344,37,9,21.1,1.2,259,37,618.5
DIC,8,21,0.0111,0.009,0.630,0.0326,42,8,20.2,0.9,278,40,618.8
DIC,8,22,0.0151,0.0087,0.440,0.027,34,7,19.1,1.8,318,41,619.4
DIC,8,23,0.0166,0.0088,0.370,0.0236,23,4,18.4,1.8,319,42,619.8
DIC,9,0,0.0182,0.0085,0.310,0.0195,17,5,18.1,1.1,291,42,619.9
DIC,9,1,0.0119,0.0087,0.310,0.0249,14,15,16.3,1.3,228,46,619.9
DIC,9,2,0.0125,0.0088,0.300,0.0229,32,5,15.6,0.3,162,47,619.7
DIC,9,3,0.0098,0.0088,0.290,0.025,22,9,15.5,0.7,262,47,619.4
DIC,9,4,0.0175,0.0085,0.230,0.0196,17,6,15.3,0.8,225,44,619.2
DIC,9,5,0.0206,0.0083,0.230,0.017,9,NA,14.4,0.3,210,45,619.2
DIC,9,6,0.0106,0.0088,0.290,0.0296,10,11,13.8,1,208,48,619.3
DIC,9,7,0.0057,0.0089,0.410,0.0333,18,9,13.2,0.5,214,52,619.7
DIC,9,8,0.0028,0.0096,0.870,0.0392,22,11,12.8,0.5,64,54,620.3
DIC,9,9,0.0058,0.0134,0.920,0.0401,51,5,14.9,0.6,82,48,620.7
DIC,9,10,0.0127,0.0104,0.860,0.0414,48,8,17.7,0.5,186,39,620.7
DIC,9,11,0.024,0.0094,0.760,0.0392,45,11,18.9,0.8,203,34,620.5
DIC,9,12,0.0299,0.0094,0.640,0.0388,37,14,20.6,1.1,186,30,620
DIC,9,13,0.0341,0.0091,0.460,0.0279,56,11,22.1,1.2,191,28,619.3
DIC,9,14,0.0379,0.009,0.360,0.0246,40,4,23.4,1.3,177,28,618.1
DIC,9,15,0.0371,0.0089,0.330,0.0211,40,11,24.4,1.6,200,28,617.1
DIC,9,16,0.0359,0.0089,0.380,0.0212,40,7,24.9,1.3,188,27,616.8
DIC,9,17,0.0368,0.009,0.360,0.0196,28,15,24.8,1.4,213,27,616.7
DIC,9,18,0.0339,0.0092,0.470,0.0209,33,15,24.1,1.1,229,29,616.7
DIC,9,19,0.0166,0.0111,1.190,0.0447,38,24,22.7,0.5,251,32,616.8
DIC,9,20,0.0028,0.0133,2.140,0.0577,53,24,21.1,0.6,211,37,617.2
DIC,9,21,0.0047,0.0108,1.160,0.0523,113,27,19.1,1,193,42,617.5
DIC,9,22,0.0132,0.009,0.620,0.0385,89,18,19.3,1.1,302,35,617.7
DIC,9,23,0.0127,0.0085,0.560,0.035,38,13,19,0.6,310,33,617.9
DIC,10,0,0.0119,0.0088,0.640,0.0341,22,6,18,0.3,247,35,617.8
DIC,10,1,0.0081,0.0093,0.720,0.0396,22,9,16.9,1,179,40,617.9
DIC,10,2,0.0099,0.0091,0.490,0.0354,66,27,16.3,0.9,157,40,618
DIC,10,3,0.004,0.0095,0.580,0.0453,48,25,15.1,0.7,173,45,617.8
DIC,10,4,0.0126,0.0089,0.360,0.0316,60,16,14.1,1.1,219,47,617.6
DIC,10,5,0.0149,0.0086,0.340,0.0282,31,12,13.5,0.7,189,48,617.5
DIC,10,6,0.0137,0.0086,0.360,0.027,24,10,12.8,0.8,214,50,617.7
DIC,10,7,0.0138,0.0084,0.390,0.0263,19,5,12.8,1.1,251,49,617.9
DIC,10,8,0.0076,0.0089,0.670,0.0341,24,11,13.1,0.9,188,48,618.1
DIC,10,9,0.0068,0.0112,0.910,0.0363,38,5,15.3,0.8,221,43,618.4
DIC,10,10,0.0102,0.0154,1.060,0.0445,57,13,18.8,0.6,118,35,618.7
DIC,10,11,0.024,0.01,0.790,0.0357,84,13,20.5,1.1,160,34,618.6
DIC,10,12,0.0303,0.0103,0.760,0.039,50,22,21.6,1.3,180,40,618.2
DIC,10,13,0.0361,0.01,0.480,0.0294,75,21,22.6,1.4,186,44,617.7
DIC,10,14,0.0352,0.0099,0.400,0.0266,53,18,23.8,1.8,197,42,616.7
DIC,10,15,0.0323,0.0097,0.450,0.027,45,22,23.9,2,208,42,616
DIC,10,16,0.0317,0.0095,0.530,0.0286,37,16,24,1.5,197,42,615.7
DIC,10,17,0.0282,0.0095,0.450,0.0272,44,24,23.6,1.2,261,41,615.6
DIC,10,18,0.0247,0.0094,0.580,0.0289,37,12,23.6,1.2,281,41,615.6
DIC,10,19,0.0194,0.0093,0.640,0.0319,43,12,22.9,2.2,274,40,615.9
DIC,10,20,0.015,0.0091,0.840,0.0406,42,17,21.8,1.8,289,42,616.5
DIC,10,21,0.0226,0.009,0.650,0.0334,53,16,20.4,1.6,294,44,616.9
DIC,10,22,0.0201,0.0088,0.570,0.0343,60,15,19.3,1.1,236,46,617.1
DIC,10,23,0.0165,0.009,0.520,0.0355,41,13,18.2,0.5,124,50,617.3
DIC,11,0,0.0162,0.0087,0.510,0.0328,26,11,17.4,0.6,238,53,617.3
DIC,11,1,0.009,0.009,0.550,0.041,22,22,16.5,0.5,203,58,617.2
DIC,11,2,0.0055,0.0094,0.580,0.043,42,46,15.6,0.6,161,62,616.9
DIC,11,3,0.0122,0.0091,0.340,0.0288,42,16,14.2,1.1,242,67,616.6
DIC,11,4,0.0144,0.0091,0.290,0.0263,15,10,13.5,0.7,203,69,616.4
DIC,11,5,0.014,0.0093,0.290,0.0263,14,18,12.9,0.6,125,72,616.4
DIC,11,6,0.0126,0.0088,0.330,0.0256,11,6,12.7,0.6,98,74,616.5
DIC,11,7,0.0105,0.0087,0.410,0.0278,12,3,12.5,0.7,248,75,616.6
DIC,11,8,0.0048,0.0089,0.690,0.0354,15,11,12.8,0.6,207,73,616.9
DIC,11,9,0.0079,0.0089,0.750,0.0331,32,2,15.2,1,243,64,617.3
DIC,11,10,0.0136,0.0094,0.930,0.0383,43,2,18.4,0.6,139,53,617.5
DIC,11,11,0.022,0.0089,0.810,0.0403,40,19,19.8,1.1,190,48,617.5
DIC,11,12,0.027,0.0094,0.610,0.0359,47,18,21.3,1.3,205,44,616.9
DIC,11,13,0.0264,0.0093,0.310,0.0243,47,13,23,1.6,242,36,616.2
DIC,11,14,0.0196,0.0086,0.200,0.0215,NA,37,24.1,2.3,272,32,615.3
DIC,11,15,0.0221,0.0084,0.200,0.02,NA,11,24.3,2.5,284,32,614.6
DIC,11,16,0.0231,0.0083,0.240,0.021,11,5,24.7,1.8,269,31,614.3
DIC,11,17,0.0213,0.0083,0.280,0.0227,16,12,24.5,2,288,31,614.3
DIC,11,18,0.0196,0.0085,0.320,0.0236,20,6,24.5,2.4,289,31,614.4
DIC,11,19,0.0111,0.0086,0.570,0.033,21,10,22.9,1.8,276,34,614.8
DIC,11,20,0.0063,0.0088,0.810,0.04,35,11,21.5,1.8,279,38,615.1
DIC,11,21,0.0034,0.0089,1.010,0.0427,64,18,19.9,0.4,102,43,615.6
DIC,11,22,0.0035,0.0091,1.100,0.0428,52,11,19.5,0.6,100,44,616
DIC,11,23,0.0026,0.0092,1.120,0.0426,59,17,18,0.5,140,50,616.3
DIC,12,0,0.0064,0.0086,0.410,0.0349,53,14,16.9,1.1,237,52,616.3
DIC,12,1,0.0098,0.0084,0.290,0.0308,24,9,16.3,0.8,285,55,616.1
DIC,12,2,0.01,0.0083,0.280,0.03,15,3,15.5,0.7,176,59,616.1
DIC,12,3,0.0108,0.0084,0.210,0.027,15,8,14.4,0.7,113,63,615.8
DIC,12,4,0.0112,0.0083,0.200,0.0247,12,8,14.1,0.5,99,64,615.7
DIC,12,5,0.0119,0.0083,0.170,0.023,14,5,13.7,0.8,216,66,615.8
DIC,12,6,0.0121,0.0082,0.190,0.0217,12,4,13.4,0.5,191,68,615.9
DIC,12,7,0.0081,0.0083,0.340,0.0274,9,1,13.4,0.5,173,69,616.2
DIC,12,8,0.0047,0.0085,0.510,0.0329,15,11,13.7,0.6,232,69,616.7
DIC,12,9,0.0076,0.0086,0.650,0.0315,24,3,16.4,0.8,236,60,617.1
DIC,12,10,0.0124,0.0085,0.860,0.0386,37,9,19.4,0.8,211,52,617.4
DIC,12,11,0.016,0.009,1.100,0.051,43,32,20.1,1,195,49,617.3
DIC,12,12,0.0298,0.0089,0.670,0.0393,76,22,21.9,1,166,45,616.8
DIC,12,13,0.0312,0.009,0.340,0.0254,78,12,23,1.4,207,41,616
DIC,12,14,0.0341,0.0091,0.330,0.0237,25,5,24.1,1.7,217,38,615.1
DIC,12,15,0.033,0.0089,0.370,0.0241,26,11,24.9,2.2,215,35,614.3
DIC,12,16,0.0291,0.0089,0.390,0.0239,33,13,25.3,2.3,218,32,613.9
DIC,12,17,0.0272,0.0088,0.380,0.0219,27,7,25.3,2.1,223,30,613.9
DIC,12,18,0.0226,0.0086,0.360,0.0204,22,11,24.9,1.9,238,25,614.1
DIC,12,19,0.0139,0.0087,0.590,0.0282,19,14,22.9,1.5,240,30,614.4
DIC,12,20,0.0142,0.009,0.630,0.0291,41,6,22,1.7,272,33,615
DIC,12,21,0.0075,0.0085,1.020,0.0389,30,10,20.5,1.1,205,38,615.4
DIC,12,22,0.0034,0.0089,1.210,0.0466,58,14,19.3,0.5,259,43,615.8
DIC,12,23,0.0051,0.0087,0.910,0.0435,56,22,17.5,0.7,157,51,616
DIC,13,0,0.0077,0.0083,0.730,0.0409,45,13,16.3,0.6,93,54,615.9
DIC,13,1,0.007,0.0082,0.690,0.0406,42,20,15.7,0.7,203,57,616
DIC,13,2,0.0065,0.0082,0.610,0.0383,34,17,14.8,0.6,82,61,616
DIC,13,3,0.0128,0.0081,0.420,0.028,34,13,14.3,0.8,188,64,616
DIC,13,4,0.0127,0.0083,0.420,0.028,31,12,14.1,0.9,185,66,615.8
DIC,13,5,0.0116,0.0081,0.420,0.0271,27,13,13.6,0.6,130,71,615.9
DIC,13,6,0.0117,0.0081,0.370,0.0254,22,10,13.2,0.7,124,78,616.3
DIC,13,7,0.0101,0.0082,0.450,0.0258,18,11,12.7,0.9,57,82,616.7
DIC,13,8,0.0077,0.0083,0.510,0.029,19,11,13.1,1,202,81,617.2
DIC,13,9,0.011,0.0083,0.470,0.0263,23,10,16.1,0.9,184,70,617.8
DIC,13,10,0.0144,0.0084,0.720,0.0377,23,7,18.8,0.7,169,61,618.2
DIC,13,11,0.0241,0.0083,0.660,0.0369,39,25,20.1,1,171,57,618.2
DIC,13,12,0.0301,0.0083,0.440,0.0296,50,25,21.6,1.2,192,50,617.7
DIC,13,13,0.0286,0.0086,0.380,0.0259,39,8,23,1.6,201,45,616.9
DIC,13,14,0.0278,0.0088,0.350,0.0236,29,6,23.7,1.5,195,40,616.1
DIC,13,15,0.0286,0.009,0.360,0.0232,20,1,24.8,1.7,204,37,615.4
DIC,13,16,0.0273,0.0088,0.340,0.0214,21,3,25.3,1.7,191,33,615.1
DIC,13,17,0.0242,0.0085,0.350,0.0203,21,7,25.6,1.8,200,28,615.1
DIC,13,18,0.022,0.0084,0.380,0.0193,16,10,25.2,1.3,261,28,615.3
DIC,13,19,0.0143,0.0089,0.640,0.0271,16,4,23.7,1.1,253,29,615.7
DIC,13,20,0.0083,0.0089,0.940,0.0337,35,14,22,0.6,160,34,616.2
DIC,13,21,0.0027,0.0091,1.330,0.041,51,14,20.7,0.6,175,38,616.6
DIC,13,22,0.0029,0.0088,0.950,0.037,65,8,18.9,0.6,200,43,616.9
DIC,13,23,0.0089,0.0085,0.490,0.0271,56,13,18.3,0.9,252,43,617.3
DIC,14,0,0.0061,0.0089,0.640,0.032,24,4,18.1,0.6,178,45,617.4
DIC,14,1,0.0078,0.0088,0.480,0.0297,25,22,17.4,0.6,178,49,617.2
DIC,14,2,0.0057,0.0089,0.640,0.034,17,4,17.6,0.1,145,48,617.3
DIC,14,3,0.0072,0.0088,0.440,0.029,23,11,16.8,0.5,66,51,617.1
DIC,14,4,0.0094,0.0087,0.350,0.0238,13,6,15.9,0.7,210,57,616.8
DIC,14,5,0.0103,0.0087,0.380,0.0255,17,6,15.9,0.3,186,58,617
DIC,14,6,0.0072,0.0093,0.520,0.0329,20,17,15.5,0.4,214,60,617.2
DIC,14,7,0.0026,0.0093,0.640,0.0392,37,18,15,1.1,207,58,617.5
DIC,14,8,0.0025,0.0097,1.110,0.0401,43,17,15,0.3,146,59,617.9
DIC,14,9,0.0041,0.0103,1.160,0.0461,59,19,16.8,0.4,181,57,618.2
DIC,14,10,0.0087,0.01,0.970,0.0504,68,27,17.6,1.2,215,56,618.4
DIC,14,11,0.019,0.0095,0.650,0.0484,75,23,19.5,1.3,198,52,618.4
DIC,14,12,0.0321,0.0092,0.440,0.0372,79,25,21.7,1.6,170,46,617.9
DIC,14,13,0.0341,0.0091,0.400,0.0334,47,22,22.9,1.6,157,43,617.3
DIC,14,14,0.0363,0.0092,0.360,0.0296,46,13,24.3,1.7,207,38,616.4
DIC,14,15,0.0393,0.0098,0.350,0.0271,45,17,25,1.7,210,35,615.7
DIC,14,16,0.0368,0.0105,0.370,0.0242,42,17,25.8,1.9,199,30,615.1
DIC,14,17,0.0321,0.0096,0.370,0.0236,41,16,25.6,1.8,222,28,614.9
DIC,14,18,0.0262,0.0097,0.430,0.0239,35,14,25.2,2.2,235,25,615.2
DIC,14,19,0.0165,0.0115,0.620,0.032,54,16,23.6,1.6,248,30,615.7
DIC,14,20,0.0105,0.011,0.800,0.0353,56,15,22.4,1.3,249,34,616.1
DIC,14,21,0.008,0.011,0.750,0.0353,50,13,21.4,1.5,247,39,616.5
DIC,14,22,0.014,0.0102,0.410,0.026,52,8,20.4,1.7,231,43,616.8
DIC,14,23,0.0093,0.0096,0.490,0.03,35,15,18.8,0.7,158,47,617.2
DIC,15,0,0.004,0.0092,0.750,0.0396,66,16,18.4,0.2,160,49,617.3
DIC,15,1,0.003,0.0091,0.780,0.0407,50,10,17.6,0.5,156,54,617.1
DIC,15,2,0.0043,0.0093,0.550,0.0365,40,23,16.5,0.6,119,59,617
DIC,15,3,0.0068,0.009,0.400,0.0302,32,11,15.3,0.7,116,63,616.7
DIC,15,4,0.0089,0.0089,0.330,0.0269,27,15,14.5,0.8,94,67,616.4
DIC,15,5,0.0093,0.0089,0.300,0.0259,19,12,13.8,0.5,88,73,616.4
DIC,15,6,0.0091,0.0088,0.340,0.0264,23,8,13.3,0.4,114,78,616.5
DIC,15,7,0.0056,0.0089,0.490,0.0336,28,14,13.1,0.7,155,81,616.6
DIC,15,8,0.0037,0.0089,0.700,0.0348,42,14,13.2,0.7,106,83,616.9
DIC,15,9,0.0049,0.0093,0.810,0.0353,47,12,14.7,0.6,156,80,617.4
DIC,15,10,0.0092,0.0098,0.750,0.0375,44,13,17.5,0.7,175,71,617.7
DIC,15,11,0.019,0.0095,0.620,0.0338,40,15,19.4,2.3,287,58,617.6
DIC,15,12,0.0215,0.0092,0.340,0.026,27,14,20.6,3.3,287,43,617.2
DIC,15,13,0.0219,0.0088,0.270,0.0199,26,NA,22.1,3.1,267,35,616.3
DIC,15,14,0.0224,0.0086,0.280,0.0178,25,NA,23.5,3.4,267,29,615.3
DIC,15,15,0.0231,0.0084,0.280,0.0171,28,NA,24.5,3.9,271,25,614.5
DIC,15,16,0.0224,0.0084,0.290,0.0181,41,NA,24.4,3.1,263,25,614.1
DIC,15,17,0.0236,0.0085,0.330,0.0197,27,5,24,2.6,269,26,614
DIC,15,18,0.0252,0.0089,0.460,0.025,37,9,23.3,1.9,288,28,614.2
DIC,15,19,0.0164,0.0087,0.640,0.0383,53,13,21.8,1.8,300,31,614.6
DIC,15,20,0.0118,0.0085,0.650,0.0398,50,17,20.5,1.5,314,33,615
DIC,15,21,0.0069,0.0087,0.910,0.0437,58,9,19.2,1.1,235,37,615.4
DIC,15,22,0.003,0.0089,0.950,0.045,56,13,17.7,1,234,41,615.7
DIC,15,23,0.0041,0.0088,0.540,0.0407,31,13,15.9,0.9,135,46,615.9
DIC,16,0,0.0065,0.0091,0.450,0.0355,22,5,15.8,0.5,82,45,615.9
DIC,16,1,0.0069,0.0127,0.340,0.0326,18,4,14.9,0.8,141,47,616
DIC,16,2,0.0107,0.0141,0.240,0.0262,15,3,14,0.6,246,49,615.9
DIC,16,3,0.0151,0.0089,0.190,0.02,8,9,13.3,0.4,343,50,615.9
DIC,16,4,0.0115,0.0085,0.230,0.0219,8,NA,12.8,0.4,279,52,615.8
DIC,16,5,0.0081,0.0084,0.250,0.0259,9,5,12.2,0.5,44,53,615.7
DIC,16,6,0.0082,0.0094,0.380,0.025,12,NA,11.3,0.6,64,56,615.9
DIC,16,7,0.0046,0.0094,0.440,0.028,13,8,10.7,0.4,43,57,616.2
DIC,16,8,0.0029,0.0129,0.970,0.0321,39,6,10.8,0.9,284,57,616.6
DIC,16,9,0.0061,0.0121,0.810,0.0307,44,NA,13.6,0.4,166,48,617
DIC,16,10,0.0112,0.0094,0.890,0.0351,41,4,16.7,0.7,190,40,617.1
DIC,16,11,0.0194,0.009,0.800,0.0391,42,15,18.6,1.2,213,35,617.1
DIC,16,12,0.0229,0.0087,0.470,0.0273,33,14,19.9,2.1,228,33,616.7
DIC,16,13,0.0231,0.0096,0.280,0.0181,17,6,21.1,2.2,225,30,615.9
DIC,16,14,0.0258,0.01,0.280,0.0173,20,NA,22.6,2.1,208,24,614.8
DIC,16,15,0.0295,0.0091,0.300,0.0178,19,3,23.7,2.1,206,22,614
DIC,16,16,0.0302,0.0089,0.330,0.0191,20,6,24.4,1.5,218,21,613.6
DIC,16,17,0.0292,0.0091,0.340,0.0193,23,7,24.9,1.7,219,20,613.6
DIC,16,18,0.0272,0.0086,0.390,0.0209,23,11,24.2,1,231,19,613.8
DIC,16,19,0.0104,0.0106,1.110,0.0435,71,19,22.2,1.1,275,22,614.1
DIC,16,20,0.0052,0.012,1.120,0.0474,62,20,20.9,0.4,105,24,614.5
DIC,16,21,0.0026,0.017,1.430,0.0496,89,23,18.7,0.9,243,30,615
DIC,16,22,0.0027,0.0114,1.230,0.048,68,22,17.5,0.7,158,33,615.4
DIC,16,23,0.0047,0.0114,0.870,0.0449,56,16,17,0.5,130,33,615.7
DIC,17,0,0.0045,0.0097,0.690,0.0427,45,15,16.2,0.6,157,34,616
DIC,17,1,0.0054,0.0095,0.720,0.0436,52,36,14.6,0.7,160,42,616
DIC,17,2,0.0183,0.0084,0.380,0.0321,26,12,13.4,0.6,166,42,616
DIC,17,3,0.0236,0.0084,0.310,0.0261,20,9,12.4,0.8,185,45,616
DIC,17,4,0.0264,0.0084,0.300,0.0217,15,9,12,0.7,207,46,616
DIC,17,5,0.026,0.0084,0.290,0.0205,18,8,11.8,0.9,234,46,616.1
DIC,17,6,0.0236,0.0083,0.320,0.0204,22,10,11.3,0.7,209,48,616.3
DIC,17,7,0.0179,0.0084,0.440,0.0251,28,12,11.3,0.5,197,48,616.8
DIC,17,8,0.0085,0.0085,0.750,0.0373,47,6,11.4,0.6,218,49,617.4
DIC,17,9,0.0081,0.0088,0.950,0.0376,65,10,14,0.6,164,44,618
DIC,17,10,0.0117,0.0121,1.170,0.0435,65,29,17.4,1.2,176,39,618.3
DIC,17,11,0.0187,0.0092,0.840,0.0442,85,31,18.5,1.1,192,41,618.4
DIC,17,12,0.0283,0.0087,0.420,0.0265,46,15,20.2,1.2,169,38,618.2
DIC,17,13,0.0317,0.0087,0.400,0.0237,41,11,21.5,1.3,180,36,617.6
DIC,17,14,0.0345,0.0088,0.380,0.0225,35,9,22.7,1.7,230,31,616.7
DIC,17,15,0.032,0.0086,0.290,0.0187,26,11,23.4,0.9,187,27,616.1
DIC,17,16,0.0334,0.0089,0.310,0.0175,25,5,24.3,1.7,191,27,615.8
DIC,17,17,0.0324,0.0087,0.360,0.0173,32,15,24.4,2,211,26,615.8
DIC,17,18,0.0285,0.0084,0.440,0.0207,32,13,23.7,0.5,192,25,615.9
DIC,17,19,0.0127,0.0089,1.050,0.042,55,13,22.3,0.5,255,27,615.9
DIC,17,20,0.0031,0.0106,1.740,0.0516,84,27,21.2,0.8,148,30,616.3
DIC,17,21,0.0027,0.0132,1.450,0.0465,97,24,19.1,0.2,169,38,616.9
DIC,17,22,0.0024,0.011,1.620,0.0468,94,32,18,0.8,171,40,617.6
DIC,17,23,0.0025,0.0121,1.430,0.0496,83,22,16.9,0.5,184,44,618
DIC,18,0,0.0043,0.0096,0.770,0.0445,56,25,15.5,1,243,47,618.2
DIC,18,1,0.0122,0.0088,0.440,0.0315,33,29,14.5,0.6,135,46,618.1
DIC,18,2,0.0161,0.0086,0.330,0.0251,19,10,13.7,0.9,242,46,617.9
DIC,18,3,0.0158,0.0086,0.280,0.0225,19,13,12.9,0.7,149,47,617.8
DIC,18,4,0.0167,0.0087,0.280,0.0196,21,6,12.3,0.9,190,50,617.7
DIC,18,5,0.0162,0.0085,0.280,0.0189,12,9,11.9,0.5,160,51,617.8
DIC,18,6,0.0162,0.0084,0.310,0.0189,24,6,11.6,0.9,249,52,618
DIC,18,7,0.0114,0.0084,0.420,0.0236,23,9,11.4,0.6,177,53,618.3
DIC,18,8,0.0065,0.0085,0.620,0.0315,40,14,11.5,0.3,270,53,618.7
DIC,18,9,0.0054,0.01,1.340,0.0382,73,11,13.2,0.4,139,49,619.3
DIC,18,10,0.0069,0.0107,1.390,0.0512,83,21,16.4,1,186,40,619.6
DIC,18,11,0.0167,0.0107,1.070,0.057,94,34,18,0.9,200,38,619.5
DIC,18,12,0.0282,0.0102,0.630,0.0395,69,32,20,1.2,183,38,619.2
DIC,18,13,0.0329,0.0097,0.480,0.0296,45,20,21.5,1.4,200,36,618.5
DIC,18,14,0.0352,0.0103,0.410,0.0255,37,16,22.8,1.3,201,31,617.7
DIC,18,15,0.0375,0.0114,0.430,0.0231,41,42,24.2,2.1,209,28,617.1
DIC,18,16,0.0328,0.0101,0.380,0.0209,32,22,24.8,1.8,217,26,616.7
DIC,18,17,0.031,0.0091,0.400,0.0197,32,16,24.9,1.9,232,25,616.5
DIC,18,18,0.0268,0.0097,0.460,0.0218,42,19,24.4,1.4,240,24,616.7
DIC,18,19,0.0182,0.0098,0.750,0.0313,55,16,22.5,1.6,262,30,617.1
DIC,18,20,0.0106,0.0098,0.900,0.0382,57,16,21.4,1.7,265,33,617.6
DIC,18,21,0.011,0.009,0.740,0.0362,43,16,20.4,0.9,271,37,618.1
DIC,18,22,0.0081,0.0091,0.860,0.0403,55,20,19,1.3,296,41,618.6
DIC,18,23,0.0119,0.0091,0.620,0.0313,50,20,18,0.5,115,44,618.8
DIC,19,0,0.0066,0.0095,0.800,0.0408,43,10,17.1,0.6,165,47,618.8
DIC,19,1,0.0109,0.0107,0.610,0.0344,37,15,16.5,0.5,89,50,618.6
DIC,19,2,0.0065,0.0111,0.730,0.0413,44,20,15.4,1.3,265,53,618.5
DIC,19,3,0.0158,0.0093,0.370,0.0249,29,18,14.4,0.9,281,56,618.1
DIC,19,4,0.0182,0.009,0.350,0.023,25,10,13.7,1.1,264,58,618.1
DIC,19,5,0.019,0.0088,0.330,0.0221,23,15,13.3,0.9,275,60,618.1
DIC,19,6,0.0177,0.0085,0.370,0.0219,21,14,12.9,0.3,37,63,618.3
DIC,19,7,0.0075,0.0105,0.760,0.0346,36,18,12.3,0.3,132,66,618.4
DIC,19,8,0.0038,0.0104,0.810,0.0383,44,20,12.1,0.5,84,68,618.6
DIC,19,9,0.0074,0.0124,0.870,0.0353,44,13,14.2,0.7,200,60,619.2
DIC,19,10,0.0116,0.0112,1.110,0.0453,55,21,16.9,1.3,203,51,619.5
DIC,19,11,0.0174,0.0099,0.950,0.0465,75,41,18.2,1.2,199,48,619.4
DIC,19,12,0.0287,0.0094,0.620,0.0344,55,18,20.6,1.3,196,40,618.9
DIC,19,13,0.0309,0.0102,0.430,0.0279,37,17,22.5,1.2,225,31,618.2
DIC,19,14,0.0367,0.0091,0.320,0.0201,23,NA,24.2,1.5,232,24,617.2
DIC,19,15,0.0352,0.0086,0.290,0.0176,18,10,24.9,1.6,255,19,616.5
DIC,19,16,0.0332,0.0085,0.280,0.0157,10,5,25.4,1.4,249,18,615.9
DIC,19,17,0.0322,0.0083,0.300,0.0154,17,7,25.6,1.8,295,17,615.8
DIC,19,18,0.0315,0.0084,0.360,0.0171,19,10,24.7,1,289,19,615.9
DIC,19,19,0.0151,0.0084,0.760,0.0393,34,15,22.7,0.6,200,21,616.2
DIC,19,20,0.0048,0.0088,1.030,0.0466,50,15,20.3,1,224,26,616.5
DIC,19,21,0.005,0.0087,0.960,0.0436,57,13,18.8,0.9,187,28,616.8
DIC,19,22,0.0046,0.0094,1.380,0.0484,76,19,18.1,0.8,224,30,617.2
DIC,19,23,0.0029,0.0089,1.000,0.0473,60,25,16.7,1.2,223,34,617.3
DIC,20,0,0.0101,0.0087,0.570,0.0373,36,18,16,1.2,235,34,617.2
DIC,20,1,0.0164,0.0086,0.420,0.0299,24,NA,15.6,1,267,35,617
DIC,20,2,0.0185,0.0085,0.350,0.0255,16,16,15.1,0.3,203,39,617
DIC,20,3,0.0094,0.0095,0.840,0.0387,54,19,14.6,0.1,158,40,617
DIC,20,4,0.0025,0.0098,1.320,0.0461,87,37,13.6,1,280,43,617
DIC,20,5,0.0078,0.0088,0.510,0.0379,32,22,12.7,0.6,269,48,616.9
DIC,20,6,0.0099,0.0088,0.480,0.0341,29,7,11.9,0.5,326,50,617
DIC,20,7,0.0085,0.0086,0.520,0.0337,27,10,11.7,0.4,265,50,617.2
DIC,20,8,0.0047,0.0088,0.730,0.0372,32,11,11.7,0.8,299,51,617.5
DIC,20,9,0.0116,0.0089,0.500,0.0306,41,8,12.9,0.7,185,48,618
DIC,20,10,0.0166,0.0091,0.650,0.0334,39,5,15.8,1.3,206,41,618.4
DIC,20,11,0.0227,0.0097,0.690,0.0386,65,28,17.5,1,215,40,618.2
DIC,20,12,0.0356,0.0094,0.550,0.0318,53,20,19.8,0.9,179,37,617.7
DIC,20,13,0.0422,0.0092,0.420,0.0277,42,11,22.1,1,235,31,616.9
DIC,20,14,0.0445,0.0093,0.400,0.0248,31,9,23.8,1.1,184,29,616
DIC,20,15,0.0423,0.0093,0.310,0.0221,25,12,24.6,1,186,27,615.4
DIC,20,16,0.0422,0.0095,0.320,0.02,32,17,25.3,0.9,172,25,615
DIC,20,17,0.0427,0.0096,0.330,0.0184,32,7,25.7,0.8,159,23,614.9
DIC,20,18,0.0386,0.0099,0.460,0.0247,34,23,24.7,0.2,155,25,614.9
DIC,20,19,0.0163,0.0098,1.140,0.0549,61,22,22.9,0.8,154,28,615.2
DIC,20,20,0.0057,0.0101,1.590,0.0566,77,27,20.7,0.8,223,33,615.6
DIC,20,21,0.0124,0.0092,0.900,0.0411,67,23,19,1.2,311,34,615.9
DIC,20,22,0.0143,0.0089,0.610,0.0324,45,15,18.4,1.7,289,38,616.3
DIC,20,23,0.0187,0.009,0.440,0.0263,32,14,18.4,1.1,258,48,616.4
DIC,21,0,0.0212,0.0087,0.390,0.0234,23,13,17.9,1.6,220,48,616.8
DIC,21,1,0.0143,0.0086,0.510,0.0332,58,16,16.3,0.3,284,52,616.8
DIC,21,2,0.0167,0.0086,0.400,0.026,46,19,15.7,0.9,226,56,616.8
DIC,21,3,0.0157,0.0085,0.370,0.0257,42,24,15,1,215,58,616.7
DIC,21,4,0.0158,0.0085,0.320,0.0254,31,16,13.6,0.5,274,64,616.5
DIC,21,5,0.0132,0.0085,0.330,0.028,26,13,13,0.7,271,66,616.5
DIC,21,6,0.0112,0.0084,0.370,0.0299,33,16,12.6,1.1,220,67,616.8
DIC,21,7,0.0129,0.0084,0.370,0.0309,29,20,12,0.5,205,74,617.5
DIC,21,8,0.013,0.0085,0.440,0.0324,31,15,12,0.4,201,77,618.1
DIC,21,9,0.0081,0.0088,0.930,0.0436,51,10,13.9,0.4,195,67,618.6
DIC,21,10,0.0116,0.0089,1.050,0.0471,67,19,15.9,1.2,184,59,618.9
DIC,21,11,0.0198,0.0088,0.830,0.0463,70,36,17.2,1.2,172,55,618.9
DIC,21,12,0.0261,0.0087,0.570,0.0378,64,31,19.1,1.2,186,50,618.6
DIC,21,13,0.0341,0.0088,0.450,0.0298,47,28,21.2,1.4,214,42,618
DIC,21,14,0.0404,0.0089,0.390,0.03,56,25,22.8,1.1,217,37,617.1
DIC,21,15,0.0411,0.0089,0.290,0.0248,33,19,23.8,1.1,209,31,616.4
DIC,21,16,0.0375,0.009,0.290,0.0246,31,47,23.7,0.9,170,30,616
DIC,21,17,0.0385,0.0094,0.410,0.0305,38,NA,23.7,0.8,138,30,615.9
DIC,21,18,0.0263,0.0091,0.720,0.0316,50,NA,23.5,0.2,132,31,616.2
DIC,21,19,0.0146,0.0097,1.500,0.055,66,23,22.3,0.2,81,35,616.5
DIC,21,20,0.0026,0.0124,2.930,0.0681,113,29,21,0.5,74,39,616.9
DIC,21,21,0.0023,0.0113,1.880,0.0599,139,52,19,1,243,44,617.4
DIC,21,22,0.0063,0.0099,1.000,0.0506,82,34,17.7,1,245,46,617.7
DIC,21,23,0.0124,0.0095,0.760,0.0426,56,17,16.9,0.8,151,47,617.9
DIC,22,0,0.0135,0.0108,0.670,0.0386,54,30,16,1.2,281,50,618.1
DIC,22,1,0.0177,0.0085,0.510,0.0319,36,31,15.6,0.6,135,50,617.9
DIC,22,2,0.0211,0.0098,0.380,0.0263,30,22,14.8,0.8,178,50,617.9
DIC,22,3,0.0221,0.0094,0.330,0.0228,27,15,14.2,0.7,202,50,617.8
DIC,22,4,0.0228,0.0096,0.310,0.0208,24,15,13.7,0.7,202,52,618
DIC,22,5,0.0205,0.0083,0.340,0.0215,29,16,12.9,0.6,141,55,618.2
DIC,22,6,0.0189,0.0082,0.380,0.0234,30,19,12.2,0.5,103,57,618.3
DIC,22,7,0.0165,0.0081,0.500,0.0284,36,16,11.9,0.6,210,58,618.7
DIC,22,8,0.0098,0.0081,0.790,0.0399,60,17,12.2,0.6,257,58,618.9
DIC,22,9,0.0112,0.0085,0.990,0.0414,69,11,14.7,1,175,52,619.3
DIC,22,10,0.0093,0.0103,1.550,0.0609,109,24,17.1,1.1,185,48,619.7
DIC,22,11,0.0176,0.0103,1.200,0.0635,135,54,18.7,1.1,196,45,619.6
DIC,22,12,0.0357,0.009,0.580,0.0346,69,44,20.5,1.1,190,40,619.2
DIC,22,13,0.0423,0.0086,0.550,0.0313,54,23,22.5,1.2,198,33,618.5
DIC,22,14,0.04,0.0086,0.420,0.0259,33,24,23.7,1.3,196,29,617.6
DIC,22,15,0.0383,0.0086,0.400,0.0222,44,18,24.6,0.9,132,28,616.8
DIC,22,16,0.0387,0.0089,0.440,0.0224,37,17,24.9,0.9,169,26,616.4
DIC,22,17,0.0383,0.0087,0.480,0.0252,41,27,25.5,1.5,299,24,616.2
DIC,22,18,0.0274,0.0082,0.510,0.0251,29,23,24.4,1.2,264,20,616.3
DIC,22,19,0.0094,0.0081,0.930,0.0413,43,22,22.9,0.7,103,19,616.4
DIC,22,20,0.0033,0.0089,1.250,0.0486,58,27,20.5,0.6,50,24,616.8
DIC,22,21,0.0032,0.0145,1.410,0.0497,75,20,19,0.5,90,29,617.3
DIC,22,22,0.0024,0.0197,2.360,0.0529,105,42,18.8,0.5,117,31,617.8
DIC,22,23,0.0024,0.0108,1.600,0.0551,77,30,18,0.4,212,32,618.2
DIC,23,0,0.0025,0.0114,1.160,0.0535,63,24,16.8,0.8,152,37,618.2
DIC,23,1,0.0062,0.0092,0.670,0.0462,35,29,15.9,1.5,258,40,618
DIC,23,2,0.0154,0.0086,0.370,0.0328,18,13,15.2,1.6,301,42,617.9
DIC,23,3,0.0203,0.0085,0.260,0.0258,12,4,14.5,0.8,294,42,617.5
DIC,23,4,0.0206,0.0085,0.260,0.0224,12,12,13.8,1.1,289,44,617.3
DIC,23,5,0.0212,0.0084,0.240,0.0198,9,10,13.2,0.4,279,45,617.2
DIC,23,6,0.0148,0.0085,0.380,0.0259,18,7,12.3,0.3,197,49,617.7
DIC,23,7,0.0028,0.0098,0.880,0.044,57,23,11.4,0.5,118,53,618.1
DIC,23,8,0.0031,0.0092,0.750,0.0445,43,21,11.6,0.6,244,52,618.4
DIC,23,9,0.0065,0.0097,0.890,0.0428,48,NA,14.5,0.2,180,42,618.8
DIC,23,10,0.0112,0.0091,0.970,0.0464,46,12,18.6,1.2,195,33,619.2
DIC,23,11,0.0174,0.0097,1.470,0.0717,107,25,20.6,2,232,30,619
DIC,23,12,0.0224,0.0099,0.560,0.0393,51,38,22.6,2.3,269,24,618.4
DIC,23,13,0.0238,0.0085,0.290,0.0225,21,5,24.3,2.1,281,18,617.5
DIC,23,14,0.0259,0.0084,0.260,0.0192,14,5,25.1,2.2,271,16,616.4
DIC,23,15,0.0262,0.0083,0.270,0.0181,12,NA,26.2,2.1,253,13,615.6
DIC,23,16,0.0276,0.0083,0.270,0.0172,12,10,26.8,1.5,264,11,614.9
DIC,23,17,0.0276,0.0083,0.320,0.0181,18,5,27.1,1.9,261,10,614.6
DIC,23,18,0.0235,0.0086,0.420,0.0225,20,NA,26.2,1.1,279,11,614.7
DIC,23,19,0.007,0.0091,1.290,0.0485,68,20,24.1,1.5,290,13,615.1
DIC,23,20,0.003,0.0092,1.300,0.0565,80,32,22.2,0.7,168,17,615.5
DIC,23,21,0.0049,0.0092,1.210,0.0547,101,39,20.6,0.7,163,20,616.1
DIC,23,22,0.0054,0.0094,1.330,0.0606,83,21,19.5,0.5,189,22,616.6
DIC,23,23,0.0023,0.0104,1.710,0.0603,102,32,18.3,0.5,139,25,617
DIC,24,0,0.0024,0.0106,1.790,0.0576,79,39,16.9,0.6,128,27,617
DIC,24,1,0.0074,0.0086,0.580,0.043,35,18,15.5,0.3,227,30,616.9
DIC,24,2,0.0096,0.0084,0.430,0.0358,15,11,14.6,0.4,145,32,616.9
DIC,24,3,0.0034,0.0088,0.670,0.0428,35,15,14.1,0.7,156,35,616.9
DIC,24,4,0.0099,0.0082,0.370,0.0332,14,15,12.7,0.6,215,39,616.9
DIC,24,5,0.0147,0.0081,0.300,0.0266,16,10,11.9,0.6,155,40,617
DIC,24,6,0.0153,0.008,0.280,0.0238,16,8,11.4,0.7,46,40,617.3
DIC,24,7,0.0095,0.008,0.430,0.0288,17,8,10.5,0.7,116,41,617.6
DIC,24,8,0.0054,0.0081,0.610,0.0349,34,9,10.4,0.9,275,40,618
DIC,24,9,0.0066,0.0085,0.990,0.0348,55,NA,13.8,0.4,206,32,618.5
DIC,24,10,0.0139,0.0084,0.770,0.034,39,7,17.7,0.8,207,26,618.7
DIC,24,11,0.0204,0.0086,0.890,0.0429,48,18,19.6,1.2,215,24,618.8
DIC,24,12,0.0292,0.0088,0.820,0.0439,74,26,21.2,1.2,199,21,618.3
DIC,24,13,0.0342,0.0085,0.430,0.0249,30,16,22.9,1,185,17,617.6
DIC,24,14,0.0405,0.0085,0.420,0.0208,32,NA,24.6,1.2,204,15,616.6
DIC,24,15,0.0436,0.0088,0.430,0.0207,NA,11,25.6,1.3,222,15,615.9
DIC,24,16,0.044,0.0088,0.400,0.0197,31,27,26.2,1.1,190,14,615.5
DIC,24,17,0.0372,0.0087,0.380,0.0185,28,11,26.5,1.1,181,14,615.2
DIC,24,18,0.0324,0.0085,0.400,0.0191,18,14,25.8,1.9,281,14,615.3
DIC,24,19,0.0208,0.0086,0.680,0.0311,57,28,23.4,1.7,219,15,615.6
DIC,24,20,0.0214,0.0083,0.480,0.0226,75,16,21.2,2.1,281,19,616.1
DIC,24,21,0.0219,0.0093,0.480,0.0233,91,22,19.9,2.1,271,31,616.5
DIC,24,22,0.0225,0.0095,0.480,0.0247,86,30,18.8,1.2,184,33,617.2
DIC,24,23,0.0227,0.0089,0.580,0.0257,71,18,17.6,1.7,188,34,617.7
DIC,25,0,0.0129,0.0092,0.670,0.0317,103,32,15.5,1.3,234,42,618.1
DIC,25,1,0.0142,0.0093,0.670,0.029,99,35,14.3,1.5,239,46,618.2
DIC,25,2,0.0172,0.0091,0.520,0.0262,78,43,12.6,1.4,247,48,618.3
DIC,25,3,0.019,0.0088,0.470,0.0244,58,33,11.4,1.3,245,52,618.3
DIC,25,4,0.0196,0.0087,0.480,0.0246,59,30,10.8,1.3,254,56,618.3
DIC,25,5,0.0195,0.0089,0.500,0.0241,67,32,10.4,1.1,219,58,618.6
DIC,25,6,0.0197,0.0095,0.450,0.0226,53,28,9.9,0.8,182,61,618.8
DIC,25,7,0.0131,0.0091,0.580,0.0274,68,35,9.1,1.3,205,64,619.1
DIC,25,8,0.0104,0.0089,0.510,0.0301,55,35,8.4,0.8,167,66,619.6
DIC,25,9,0.0156,0.009,0.470,0.0266,57,15,9.2,0.6,136,63,620.1
DIC,25,10,0.0203,0.0095,0.520,0.0276,68,30,11.2,0.9,150,56,620.5
DIC,25,11,0.027,0.0096,0.450,0.0281,52,35,13.2,1,191,49,620.5
DIC,25,12,0.034,0.0089,0.430,0.0248,44,25,14.9,1.1,180,43,619.9
DIC,25,13,0.0359,0.0088,0.380,0.0214,31,15,17.1,1.2,191,37,619
DIC,25,14,0.0377,0.0087,0.400,0.0197,40,18,18.9,0.9,211,33,618
DIC,25,15,0.0411,0.0089,0.390,0.019,41,20,20.9,0.9,188,30,617.2
DIC,25,16,0.0425,0.009,0.440,0.0198,45,18,22.3,0.9,197,28,616.8
DIC,25,17,0.0378,0.0095,0.400,0.0191,40,29,23,0.8,163,28,616.4
DIC,25,18,0.0339,0.0094,0.490,0.0219,40,32,22.3,0.6,185,29,616.2
DIC,25,19,0.0256,0.0095,0.650,0.0316,53,35,20.8,0.7,232,33,616.3
DIC,25,20,0.0084,0.0096,1.280,0.0552,82,43,19.1,1,283,38,616.8
DIC,25,21,0.0096,0.0092,0.870,0.0434,75,40,16.9,1,215,41,617.2
DIC,25,22,0.0134,0.009,0.670,0.0386,51,30,15.9,0.9,223,41,617.6
DIC,25,23,0.0163,0.0087,0.520,0.032,44,31,15.1,0.6,169,42,617.8
DIC,26,0,0.0178,0.0086,0.470,0.0275,37,18,14.2,0.7,233,43,617.8
DIC,26,1,0.0189,0.0085,0.470,0.0276,37,16,13.8,0.7,131,44,617.6
DIC,26,2,0.0037,0.0091,1.050,0.0512,120,42,13.4,0.7,205,52,617.6
DIC,26,3,0.0119,0.0088,0.500,0.0328,36,50,12.1,0.5,120,52,617.3
DIC,26,4,0.0172,0.0084,0.400,0.0278,32,19,11.2,0.6,244,54,617
DIC,26,5,0.0193,0.0083,0.400,0.0255,33,15,11,0.5,86,55,616.9
DIC,26,6,0.0181,0.0083,0.420,0.0254,32,19,10.3,0.8,217,59,617.1
DIC,26,7,0.0157,0.0084,0.490,0.0277,37,16,10.2,0.5,135,59,617.4
DIC,26,8,0.0096,0.0086,0.680,0.0354,47,23,10,0.7,180,61,617.6
DIC,26,9,0.0135,0.0088,0.650,0.0339,53,11,12.5,0.6,229,53,618.1
DIC,26,10,0.0211,0.0094,0.680,0.0303,57,17,16.1,0.6,160,44,618.3
DIC,26,11,0.0281,0.011,0.730,0.0325,55,24,18.4,0.9,163,39,618.1
DIC,26,12,0.038,0.0103,0.630,0.0292,43,29,20.3,1.2,183,32,617.7
DIC,26,13,0.0466,0.0109,0.630,0.0278,62,22,21.6,1.3,180,29,616.8
DIC,26,14,0.0465,0.0109,0.540,0.0242,60,24,23.1,1.6,227,26,615.6
DIC,26,15,0.0405,0.0096,0.410,0.021,40,14,24.9,3.1,297,18,614.6
DIC,26,16,0.0303,0.0082,0.280,0.0147,29,NA,25.7,2.8,291,12,614
DIC,26,17,0.0326,0.0082,0.280,0.0142,17,10,25.4,2.2,304,11,613.8
DIC,26,18,0.0304,0.0083,0.340,0.0167,22,10,24.8,1.7,314,13,613.8
DIC,26,19,0.02,0.0083,0.570,0.0285,18,18,22.7,1.5,221,15,614
DIC,26,20,0.0158,0.0083,0.580,0.0312,34,10,20.8,1.4,287,17,614.5
DIC,26,21,0.0132,0.0084,0.630,0.0324,36,13,18.7,0.9,171,18,615
DIC,26,22,0.0085,0.0085,0.730,0.036,38,15,18,0.9,118,19,615.4
DIC,26,23,0.0054,0.0085,0.800,0.0381,35,16,16.3,0.9,132,24,615.7
DIC,27,0,0.0103,0.0085,0.580,0.0318,32,14,15.3,0.8,205,27,616
DIC,27,1,0.0143,0.0083,0.430,0.0253,22,5,14.1,0.2,144,29,615.8
DIC,27,2,0.0131,0.0085,0.460,0.0262,19,7,13.3,0.3,89,31,615.8
DIC,27,3,0.0089,0.0098,0.460,0.0296,19,11,12.4,0.5,178,32,615.7
DIC,27,4,0.0127,0.0088,0.350,0.0229,16,8,11.5,0.6,157,34,615.7
DIC,27,5,0.0142,0.0084,0.290,0.0207,14,8,10.2,0.8,149,36,615.8
DIC,27,6,0.0171,0.0084,0.270,0.0168,13,NA,9.6,0.7,77,36,616
DIC,27,7,0.0152,0.0083,0.330,0.0185,17,9,8.9,0.6,163,39,616.4
DIC,27,8,0.0101,0.0083,0.450,0.0245,22,5,8.9,0.9,215,38,616.9
DIC,27,9,0.0156,0.0083,0.410,0.0197,26,NA,11.7,0.5,221,33,617.3
DIC,27,10,0.0205,0.0085,0.430,0.0195,22,NA,15.9,1.2,205,26,617.7
DIC,27,11,0.0215,0.0096,0.750,0.0365,53,23,17.2,1.1,216,26,617.7
DIC,27,12,0.0319,0.0088,0.450,0.0234,33,13,19.1,1,209,22,617.3
DIC,27,13,0.0361,0.0088,0.360,0.0203,22,NA,21.2,1.2,214,19,616.7
DIC,27,14,0.0368,0.0087,0.310,0.0165,24,6,22.7,1.4,186,16,615.8
DIC,27,15,0.0359,0.0085,0.290,0.0145,17,NA,23.7,0.9,158,14,615
DIC,27,16,0.0394,0.0085,0.300,0.0134,19,3,24.6,0.9,213,13,614.5
DIC,27,17,0.0407,0.0088,0.310,0.0137,17,NA,25,1.3,199,13,614.4
DIC,27,18,0.0382,0.0089,0.470,0.0146,26,13,24.3,0.6,206,13,614.5
DIC,27,19,0.0233,0.0089,0.700,0.0342,35,21,22.1,0.6,142,16,614.8
DIC,27,20,0.0044,0.0094,1.470,0.0512,63,18,19,1.1,245,22,615.2
DIC,27,21,0.0109,0.0088,0.800,0.0389,59,21,17.1,1.5,284,22,615.7
DIC,27,22,0.0173,0.0086,0.590,0.0328,38,16,16.2,1.1,229,22,616
DIC,27,23,0.0206,0.0086,0.470,0.0278,30,12,15.1,0.8,258,23,616.2
DIC,28,0,0.0239,0.0085,0.390,0.0219,24,11,14.3,0.4,118,24,616.4
DIC,28,1,0.0231,0.0087,0.370,0.0213,28,15,13.5,0.2,133,25,616.5
DIC,28,2,0.015,0.0092,0.410,0.0267,26,20,12.5,0.5,110,28,616.6
DIC,28,3,0.0089,0.0097,0.910,0.044,94,27,11.8,1,236,32,616.7
DIC,28,4,0.0074,0.0095,0.590,0.0407,46,45,11,0.7,230,34,616.7
DIC,28,5,0.0174,0.0087,0.410,0.0282,32,14,10.5,0.8,301,33,616.7
DIC,28,6,0.0173,0.0087,0.420,0.026,29,15,10.5,0.4,268,34,616.8
DIC,28,7,0.0141,0.0088,0.520,0.0284,41,10,10.2,0.5,258,36,617.1
DIC,28,8,0.0049,0.0093,0.770,0.0406,60,14,10.4,0.5,95,36,617.5
DIC,28,9,0.0085,0.0098,0.960,0.0391,71,14,12.3,0.2,124,34,618
DIC,28,10,0.0112,0.0107,1.140,0.0438,66,14,15.1,0.9,185,29,618.3
DIC,28,11,0.0185,0.0124,1.170,0.0489,87,21,17.3,2,217,25,618.1
DIC,28,12,0.0287,0.0114,0.660,0.0326,95,29,19.2,1.8,203,23,617.7
DIC,28,13,0.0357,0.0101,0.460,0.0238,61,19,21.3,1.2,200,19,617.1
DIC,28,14,0.045,0.0122,0.450,0.0202,51,9,23.3,1.4,212,16,616.3
DIC,28,15,0.0448,0.0095,0.390,0.0178,44,6,24.7,1.4,226,14,615.5
DIC,28,16,0.0496,0.0115,0.400,0.0164,41,17,25.3,1.1,221,13,615.2
DIC,28,17,0.0503,0.0116,0.390,0.0158,39,11,25.3,1,229,11,615.1
DIC,28,18,0.0481,0.0115,0.450,0.0171,39,19,24.8,0.5,198,11,615.1
DIC,28,19,0.0193,0.012,1.860,0.0559,67,27,22.4,0.5,116,13,615.2
DIC,28,20,0.0026,0.0129,2.900,0.0682,129,45,19.4,0.7,175,21,615.4
DIC,28,21,0.0067,0.0103,1.230,0.0607,93,40,17.1,0.8,184,23,615.9
DIC,28,22,0.0154,0.0101,0.860,0.0495,68,27,16.1,0.8,270,23,616.2
DIC,28,23,0.0209,0.0101,0.730,0.0418,56,21,15.5,0.7,174,23,616.4
DIC,29,0,0.0113,0.0101,0.780,0.0469,57,18,14.5,1.3,246,25,616.5
DIC,29,1,0.0245,0.0102,0.730,0.0357,68,21,13.8,0.7,102,25,616.5
DIC,29,2,0.0028,0.011,1.230,0.0598,124,54,12.7,0.7,203,29,616.7
DIC,29,3,0.0063,0.01,0.830,0.0545,83,56,11.8,1.1,305,31,616.3
DIC,29,4,0.0198,0.0095,0.500,0.0323,51,28,10.7,0.8,255,30,616.1
DIC,29,5,0.022,0.0094,0.440,0.026,45,17,10,0.7,249,31,616.3
DIC,29,6,0.0217,0.0094,0.400,0.0226,34,22,9.5,0.9,217,33,616.6
DIC,29,7,0.0161,0.0089,0.430,0.0244,35,12,9.3,0.6,214,34,617
DIC,29,8,0.0101,0.0105,0.630,0.033,47,14,9.2,0.4,166,33,617.3
DIC,29,9,0.008,0.0099,0.960,0.0358,66,NA,12.1,0.4,205,29,617.6
DIC,29,10,0.0159,0.0102,0.940,0.0349,61,10,15.8,1,175,22,617.8
DIC,29,11,0.0222,0.0112,0.980,0.0449,101,18,17.4,1,190,21,617.8
DIC,29,12,0.0289,0.012,0.830,0.041,100,33,19.1,1.2,173,23,617.4
DIC,29,13,0.0345,0.0114,0.530,0.031,122,21,20.9,1.8,197,25,616.5
DIC,29,14,0.0441,0.0111,0.490,0.0217,62,18,22.2,1.6,197,25,615.4
DIC,29,15,0.0436,0.0111,0.480,0.0213,54,20,23.4,1.6,205,25,614.6
DIC,29,16,0.0408,0.0102,0.440,0.0206,45,21,24.2,1.4,197,23,614.2
DIC,29,17,0.0376,0.0095,0.440,0.0203,38,9,24.5,2.3,203,22,613.9
DIC,29,18,0.0331,0.0094,0.520,0.0233,54,19,23.8,1.7,211,21,613.8
DIC,29,19,0.0215,0.0093,0.870,0.0408,78,22,21.7,1.1,210,24,614
DIC,29,20,0.0044,0.0113,1.550,0.0672,123,37,20,0.5,187,26,614.4
DIC,29,21,0.0039,0.0109,1.810,0.0726,105,49,19,0.5,137,27,614.7
DIC,29,22,0.0025,0.0123,2.590,0.0741,154,45,17.5,0.6,155,31,615.1
DIC,29,23,0.0037,0.0105,1.430,0.068,79,46,16.7,0.7,117,33,615.3
DIC,30,0,0.0096,0.0096,0.810,0.0521,51,28,15.3,0.8,229,39,615.3
DIC,30,1,0.018,0.0095,0.540,0.0362,37,25,14.6,0.6,75,43,615.3
DIC,30,2,0.0159,0.0093,0.460,0.0336,32,24,13.2,0.6,58,49,615.2
DIC,30,3,0.0194,0.0092,0.370,0.0282,29,18,12.1,0.7,88,51,614.9
DIC,30,4,0.0216,0.0091,0.320,0.0238,21,14,11,0.8,249,52,614.6
DIC,30,5,0.0212,0.009,0.310,0.0221,23,11,10.9,0.6,131,52,614.6
DIC,30,6,0.0175,0.009,0.370,0.0239,20,13,10.5,0.6,210,54,614.6
DIC,30,7,0.0153,0.0089,0.400,0.0254,25,21,10,0.6,105,56,614.6
DIC,30,8,0.007,0.009,0.710,0.0396,46,22,9.8,0.3,162,57,614.8
DIC,30,9,0.0075,0.0094,1.050,0.0405,59,19,12.8,0.7,164,48,615.1
DIC,30,10,0.0136,0.0096,0.960,0.0404,53,39,16.1,1.2,173,40,615.1
DIC,30,11,0.0248,0.0094,0.640,0.0329,140,44,17.3,2.2,217,36,615
DIC,30,12,0.0307,0.0093,0.370,0.0211,54,35,18.7,2.7,230,32,614.4
DIC,30,13,0.0317,0.0093,0.360,0.0189,95,26,20.5,3.2,215,27,613.4
DIC,30,14,0.0317,0.0092,0.380,0.0189,94,21,21.4,3.2,231,25,612.5
DIC,30,15,0.0334,0.0091,0.380,0.0185,87,33,22,3.6,221,22,611.7
DIC,30,16,0.0302,0.009,0.400,0.0186,92,43,22.1,3.9,211,22,611.4
DIC,30,17,0.0285,0.0089,0.430,0.018,81,30,21.4,3.4,210,22,611.3
DIC,30,18,0.0249,0.0088,0.490,0.0196,73,29,20.5,3.1,202,24,611.2
DIC,30,19,0.0203,0.0088,0.490,0.0224,53,31,18.5,2.9,208,30,611.3
DIC,30,20,0.0168,0.0092,0.560,0.0257,45,31,17,2.7,230,34,611.6
DIC,30,21,0.0194,0.0089,0.410,0.0218,37,17,16.1,2.8,216,38,611.8
DIC,30,22,0.0211,0.0088,0.370,0.0188,46,16,15.5,1.8,226,44,612
DIC,30,23,0.0198,0.0089,0.360,0.019,16,18,14.7,2.6,207,51,612.2
DIC,31,0,0.0202,0.0087,0.330,0.0179,19,13,14.3,2.1,204,52,612.1
DIC,31,1,0.0209,0.0084,0.290,0.0157,19,13,13.7,1.5,199,52,612.1
DIC,31,2,0.0193,0.0084,0.260,0.0154,22,11,12.7,1.2,178,49,612.1
DIC,31,3,0.0185,0.0083,0.220,0.0139,21,8,12.1,1.5,191,39,611.9
DIC,31,4,0.0186,0.0083,0.210,0.0127,11,11,11.5,1,168,42,611.8
DIC,31,5,0.0175,0.0082,0.220,0.0124,21,4,11.4,0.9,168,43,611.8
DIC,31,6,0.0159,0.0083,0.260,0.0132,11,7,11.2,0.5,159,45,611.8
DIC,31,7,0.0128,0.0083,0.560,0.0185,10,7,11,0.7,156,49,612
DIC,31,8,0.0089,0.0085,0.500,0.0228,15,5,11,0.6,192,52,612.4
DIC,31,9,0.0086,0.0087,0.550,0.0254,25,8,12.2,2.1,213,51,612.9
DIC,31,10,0.0149,0.0086,0.420,0.0186,17,NA,12.8,2.5,265,55,613.3
DIC,31,11,0.0191,0.0085,0.330,0.0147,21,6,13.2,2.6,245,56,613.5
DIC,31,12,0.0235,0.0084,0.360,0.0142,23,NA,14.9,3,239,44,613.2
DIC,31,13,0.0277,0.0084,0.340,0.0137,30,NA,16.4,2.9,242,38,612.5
DIC,31,14,0.0302,0.0084,0.340,0.0135,34,NA,17.8,3,243,32,611.7
DIC,31,15,0.0336,0.0084,0.340,0.0134,35,4,18.7,2.8,250,28,611.2
DIC,31,16,0.0342,0.0084,0.360,0.014,38,5,19.5,3,256,26,611
DIC,31,17,0.037,0.0083,0.360,0.0142,37,9,19.6,2.2,245,25,611.2
DIC,31,18,0.0352,0.0084,0.410,0.0149,38,15,19.1,1.5,244,25,611.4
DIC,31,19,0.0302,0.0085,0.510,0.0191,43,21,17.4,1.4,220,28,611.8
DIC,31,20,0.0196,0.0087,0.660,0.0302,47,24,16,1.1,224,33,612.3
DIC,31,21,0.012,0.0089,0.690,0.0338,45,21,14.9,1,209,40,612.9
DIC,31,22,0.0088,0.0088,0.820,0.0386,53,17,14.1,0.6,237,44,613.2
DIC,31,23,0.0076,0.0088,0.970,0.0396,86,33,12.9,0.1,216,48,613.5
